,decay10_median,decay20_median,lag1_median,decay10_std,decay20_std,lag1_std,lag1_z_std,lag1_z_med
0,3.371893720079678,2.391432018186057,0.8584784352247373,1.7203466577681632,0.7499017835542283,0.02703710958802739,0.5952622194941474,0.5341543575208134
1,3.246237803442806,2.39275026799396,0.8543862523319231,2.1731019974396766,0.7849461842318333,0.030203780090841556,0.7080410644092113,0.3863470563247236
2,3.3840413251141617,2.3179458499445973,0.8537540029745722,1.495008152726381,0.5829520120177034,0.022760425661181798,0.6213496754568898,0.4540949324472442
3,3.5587431907389764,2.5109206712494236,0.8629204405223453,1.7594412498414067,0.6944533238851524,0.024809804880609673,0.5989908404500254,0.6979468617666637
4,3.5554601315360883,2.4841673432070337,0.8594959213266216,3.1118660166834844,0.7429681886871947,0.02596009197437696,0.6991248998368612,0.5617433675924197
5,3.5209458039713537,2.45498145221772,0.863239252740684,1.4959138214213836,0.6700600480668255,0.024077804456050515,0.575499918539074,0.642465875334125
6,3.0401464448819655,2.204233863575946,0.8469173020653187,1.6207748449386195,0.6105358727986216,0.02572580580164924,0.5876717585923972,0.1663244467389766
7,3.4476028771394645,2.4409179514279833,0.8599824298380502,2.999737405474399,0.9401780891024251,0.027102354204505918,0.6123714037875787,0.5269530351933476
8,3.0707883910100966,2.1616806330092833,0.8492443972539951,2.251658172647509,0.9674129240595045,0.02773757123609552,0.6367273029449204,0.1457931603874798
9,3.10952692739557,2.2312690324697195,0.8517714445265427,1.5928140297699551,0.8584842567059854,0.029092524779362767,0.6516031568742385,0.3215606605505951
10,3.2737344833041715,2.4478120146099887,0.8558717422770604,2.566405966803009,0.6655498378537129,0.027099019394096056,0.6013732383688432,0.39919846794829505
11,3.0961985062980713,2.3083828592684768,0.8514449010494656,1.2998154937528983,0.6426602136670628,0.026799424657224725,0.6030058048043987,0.2683600559145018
12,3.4372565692156063,2.4678327100249366,0.8613390641520976,1.9068426998410564,0.8625946469901555,0.027666618612418873,0.7607517347837502,0.7260664654016802
13,3.598895150967117,2.4686847787510944,0.8590895873701511,1.4094640239198282,0.6630814298786029,0.026357492083954936,0.6634110621127245,0.5190362754906888
14,2.8605306979553577,2.167126380589127,0.8418006256948689,1.1457184481422082,0.5753201509435498,0.02604783327154877,0.6482576491673759,0.07520200827403188
15,3.2514804724306967,2.4965155821084566,0.8581067838626171,1.3993478647393305,0.6483407878198575,0.02498028009028755,0.6138016806070934,0.499508944965105
16,3.7673406804437453,2.349375805787864,0.8591628150656218,1.9976750431001125,0.6506062188443416,0.02448945164906975,0.5420546584255421,0.6000107222690668
17,3.615089151326997,2.527839078248969,0.8637602633860382,1.2988573927803666,0.48844532765026594,0.022835145396114868,0.5905804008882883,0.7071764559633807
18,3.090947200604605,2.2030275820049043,0.8517589544363275,1.6611175816303074,0.6046410857280039,0.028089612632861208,0.7729188480030049,0.22488206187014848
19,3.159319303249758,2.3771147616737363,0.8535635511759244,1.9547742596457764,0.7641245326125731,0.028224001434979565,0.7216236019267016,0.3328444510449953
20,3.558275785692789,2.433311443877125,0.8585440047664673,1.6060164127822187,0.6259498766877056,0.027790763923956945,0.671306292650502,0.5230996182910848
21,3.6927036731254113,2.5571352102819938,0.8646723853378022,1.8959929235533726,0.7097176756854835,0.023904068646749106,0.5637028938182548,0.7493031327662897
22,3.450602136697101,2.4105949836546654,0.8615250005166455,1.4213764341125237,0.5691046894937642,0.022517222115003118,0.5888459233102458,0.602676742237055
23,3.733486006032309,2.4708813255966118,0.8638590007064956,1.889171492789352,0.6377601472930003,0.022094795454403956,0.5549616525426374,0.8283951126501885
24,3.2294855926838233,2.271044237375131,0.8523044227521083,1.5794920998678041,0.5840247785999801,0.02664089773902213,0.6399150729131431,0.39010733585822926
25,3.814483242158842,2.5606389331097503,0.8663125133802547,1.6837185607486806,0.6403933609750161,0.027567313703934667,0.6659162111902652,0.7307118391913285
26,3.4437499048967433,2.4330740155691224,0.856232617292466,1.557349402822864,0.6261963295742187,0.026269301329298052,0.7135959574953649,0.44249539691305645
27,3.715707325964733,2.4921171845102634,0.8616279454229107,1.8563632251589968,0.6388784222157701,0.02565415469977365,0.7786285413320205,0.6819438353397514
28,3.525110620029924,2.452329413417917,0.8584362103143168,2.2401641008619246,0.6401133135720432,0.027790981327318512,0.6311789106916842,0.5657724535286571
29,3.4902436074725673,2.435007294646321,0.857185998006578,2.0578545357204368,0.6767462751741281,0.02711282272578318,0.6416994038478282,0.6694724423619938
30,3.4982159506268293,2.494036450369806,0.8571520245683748,2.7188419508470254,0.6626974864052184,0.02537636443972017,0.6290394512651799,0.4985820185327154
31,3.5439608608679545,2.436287256037884,0.8584275210510113,1.3789207778262274,0.6428589234221423,0.02403674365033815,0.5998014677969222,0.4859470165411975
32,2.945766907793825,2.284885172992368,0.8445953944245919,1.157795100971272,0.556831236583851,0.026796108799708156,0.6723330336598201,0.11402873539947637
33,3.496915133050375,2.37672032827171,0.8619240938892397,1.1445166057361744,0.600325257903237,0.025103201217281816,0.6416655056938136,0.5201001850869437
34,3.1351628926095803,2.418179670191679,0.8499511059169429,2.529613604627063,0.7420917717895316,0.027430100428168423,0.639453733373852,0.43607844051577693
35,3.169510199475357,2.2674944098889376,0.8472027337250206,1.5546811902585789,0.6739697571436927,0.026233672382786392,0.6296046812335583,0.2610903270072096
36,2.943681908460105,2.278958045255199,0.8437207605252299,1.246499223371737,0.5786001393864675,0.024940885298409456,0.6753025634103889,0.03360700170649899
37,2.886757514302048,2.1823161790215395,0.8417887874882346,1.0251731639428223,0.631157781902457,0.027288541132152882,0.7238835493362508,-0.10180616373154844
38,3.0485564367258053,2.154965166514386,0.8450875653885525,1.2275071852344206,0.5427945199424044,0.026432970973897723,0.6838211242471963,0.01806509298901922
39,3.406502124085722,2.4561598168194694,0.8572517412132514,1.4207741591262253,0.6313840386028655,0.023961439078844467,0.617676914348173,0.5013478385455803
40,3.5825223923768794,2.4087031280035993,0.8611667513484447,2.0534006335427253,0.831173360850796,0.026851044661333437,0.708980199866176,0.5965767624609897
41,3.0585986026548238,2.3073607847140107,0.8539693800594916,1.4181379650290833,0.722393912114957,0.025746416727979792,0.6928691400219001,0.35215368646890594
42,2.827244317836431,2.15858590303346,0.8354731177788429,1.4348557230117247,0.588030455664404,0.028461641228642438,0.7508422520405862,-0.14183084621088637
43,3.1104371705266747,2.21349014801202,0.8455937115237874,1.2806094044066938,0.5482501545812986,0.026381291398123594,0.654645283185279,0.03366044317816386
44,2.7388825047691006,2.1627654350898036,0.8389329291652797,1.3956690736601165,0.5760940229150355,0.027888979840927537,0.9072172459096322,-0.023631839928124974
45,2.97396473956352,2.1835574711146264,0.8397982634117113,1.8998632840977083,0.5918075009159405,0.02492449669814803,0.8180725027578597,-0.036674095086383286
46,3.1000511229487873,2.4659695338259344,0.8510433995723345,1.5714296866717672,0.704939894492254,0.027333452320431696,0.9155093843737213,0.22745860049277658
47,3.282637691848311,2.4073416142283053,0.8488063956915474,1.5974710205632772,0.9001270058812499,0.030039302724396155,0.8719599123091041,0.32309520097210914
48,2.7044448121803795,2.158433696108244,0.8335400397188214,0.927087825833424,0.6820687995654159,0.025144912884948405,0.8325060293094312,-0.22473650638288603
49,2.6482792098062,2.1226724591486343,0.826220257012053,1.018075268032698,0.670798636536365,0.02522224415121049,0.8126593125745245,-0.3803312633364327
50,3.0276051003084232,2.3533411644360025,0.8480047298876103,2.37082040164556,0.6140445344572447,0.02683342398128931,0.6911142475601192,0.2102644532306655
51,3.1111974547048367,2.321552943749473,0.8498536380809425,1.4556978662417892,0.6011966476109529,0.02560338365851705,0.7163311110401869,0.28117148671168307
52,3.3754488549417823,2.116178367872069,0.8550605987482883,1.7903604357308158,0.7264301939684596,0.027614911550887702,0.6525082008790688,0.4921035382150532
53,3.5914068948236992,2.328530832775855,0.8613045055243742,2.3299936949184685,0.7021092597007117,0.030653700137842344,0.6740559174151872,0.5908127313598809
54,3.256066729482541,2.3895055237925873,0.8544187371821683,1.8587645702650877,1.0150096188607303,0.03064928564265623,0.6156900354331419,0.40604035551198314
55,3.167308593072138,2.3448389167257804,0.8536166051842319,1.7613041158158529,0.773856438379221,0.028986288560427294,0.5765986969423471,0.4252321168686232
56,3.3051963772308315,2.297708911394205,0.8550968253244168,1.7135811540556676,0.749033019885149,0.03076835505937804,0.6943329744434398,0.39558384200310964
57,3.294226439734021,2.3383116998105504,0.8581807153838524,2.395054682396183,0.6362141962685794,0.02751305973000365,0.7294385784355542,0.4544552120712068
58,2.8767971047692056,2.1761650591437958,0.8389524775457722,1.7277777394248814,0.802935432644305,0.034773688023777984,0.7822011750080685,0.03248865665829475
59,3.0824499768881894,2.424940013226619,0.8541395731621062,1.6243692481637158,0.724823890894587,0.030563252124824015,0.6864964830000084,0.3557206182638583
60,2.795449996426623,2.050489142091915,0.8374354118553877,2.4227281738105066,0.6623013461006941,0.030038733019336746,0.7634770349725863,-0.12189707164740883
61,2.99417013919465,2.141667885907994,0.8454828790271012,1.857540632147306,0.6970724357132626,0.027358816444572567,0.708185211075332,0.09801656202021918
62,3.5566273600351765,2.495745315177956,0.8605202787980453,1.611913146600411,0.6380579532841473,0.027414194156774246,0.5914788261478587,0.6154663998254118
63,3.419713085120317,2.4584646098860268,0.8565665382407581,1.4537274921311614,0.7799139165664013,0.02536293256146294,0.6196002273861809,0.5358933552343692
64,3.2156192162983332,2.345197244713083,0.8536814220859223,2.749301131326104,0.7121983536660608,0.03122870978304385,0.6039766692292715,0.3887063123406727
65,3.2881613725187098,2.324557188131168,0.8542402313505846,1.6945930995364902,0.7296077244163828,0.032496736555335956,0.6539163083235308,0.3891423071120339
66,3.4544544629844065,2.4665541545072034,0.8637982366917449,2.0349131191359837,0.6721310682577193,0.030622839043598273,0.6172412571364205,0.5484349398656397
67,3.703215930062134,2.449045018233208,0.861702891936502,2.5864730799482776,0.6789022215919746,0.030135421124725875,0.5979193484417218,0.6117452940883835
68,2.437747798441179,1.9962223294185968,0.8186197816520886,0.9548781430964937,0.8156573618119082,0.029039353308170195,0.8715174235645956,-0.7841703517366555
69,2.7670726497025564,2.1768723183271104,0.8279663092628422,1.097211842054263,0.7018954070226185,0.029672545761268442,0.8899745514342822,-0.41350744779556947
70,2.992771803759391,2.1330015261402355,0.8423058919884951,1.790298368295436,0.634102686223024,0.03231994191455785,0.6897585917955885,-0.06229308115583255
71,2.7752483956191867,2.093933653703174,0.8327237139446358,2.053868880571684,0.6354045320594962,0.032394649500573344,0.673090206987928,-0.21512825269541086
72,2.7891433242573203,2.133733052800475,0.8379432046552039,1.4635576145939269,0.7536044380461667,0.03208751352552382,0.6763997308355268,-0.03306903638019754
73,2.827195726669946,2.2133788800277427,0.8393402267326455,1.636243758476333,0.6231539951262404,0.029637257169810274,0.6552076479012781,0.020035253502203296
74,3.2518418835452114,2.3834561924144735,0.8519177744282063,2.8581041616228755,0.8054965076251139,0.036590604858622956,0.8246152349501383,0.3295106171533406
75,3.0979414085340236,2.2998544954710622,0.8465878316015536,2.3286879023080265,0.7745621351458777,0.03575224824513132,0.746625977660217,0.3116400793224045
76,2.275468399925968,1.9449878083041219,0.8098309788737487,1.0074073008659004,0.7641540184833188,0.02734861422383187,0.8076620131678398,-0.8600342471591205
77,2.766986542503406,2.1929811762159006,0.8332638859982215,1.438963676607014,0.8501947529739055,0.032673055683677094,0.8707182929658617,-0.35861040332264504
78,2.9822129236370984,2.3451404174555726,0.8461963724038362,2.2204294419511563,0.9125450103112752,0.0395589931503772,0.9382667698544404,-0.03991129774320827
79,3.0309798365151686,2.258368446532411,0.8466210157132102,2.739164305267888,0.7881340378151884,0.03804783198193999,0.8422738158854002,0.12334945393669397
80,3.3076470929719948,2.3827196722953805,0.854965041982521,1.7689499043081833,0.6721366676033089,0.025162350551854947,0.6345656793651224,0.558271179623711
81,3.288815330533714,2.3260050459658346,0.8555666134580194,2.0001526964626093,0.6479409766916818,0.0254506386639455,0.6672115709643888,0.4903234272915281
82,3.1297930165340255,2.4289627835704657,0.8447437046773959,2.1307861045320258,0.7131696492316761,0.026496593512316084,0.7021219930203384,0.15142798279805125
83,3.3396694001801106,2.416290917256947,0.8504338437328415,1.549918796801685,0.7631237038026638,0.026170169988520356,0.6607801979737227,0.31542095314289736
84,3.3973550180860275,2.400611851324547,0.8562446367059253,1.9968460643535637,0.6446747759976483,0.02763173947864328,0.5621010001585672,0.5553005841603218
85,3.6153845674521254,2.4400763322667536,0.8640661274712393,1.7209091631420428,0.6117178082052583,0.02627087269906408,0.5089921285480402,0.6077878700505995
86,3.542488449156061,2.5801854121150236,0.8620416304997409,2.445723661407934,0.804961909544899,0.031051212806641155,0.6498035186682631,0.5124885579816133
87,3.6339556686884373,2.7179626872334217,0.860601904014775,2.4589781681235214,0.8756581827034895,0.031116277194712404,0.6403244134278995,0.7216259437749922
88,2.6410275702476493,2.1258228131029235,0.8247073135008426,1.3178501724169722,0.6773903472164722,0.036281759653202746,0.9820287846963361,-0.3406149052313943
89,1.9967477572223848,1.6513086120885563,0.7878747339569705,0.6204255985668548,0.43207378042582384,0.029417641608843866,0.9442901464770468,-1.8078219794887624
90,3.5558930267764355,2.427739978116536,0.8572270926227972,2.7885330495637537,0.7065525969027274,0.02825650773085804,0.5999635078666801,0.7168932210002665
91,3.0337182092591664,2.1440337615617158,0.8420527614622303,1.4586273342696223,0.6437355987579838,0.032367572672622746,0.8147686658071663,0.012207552621797086
92,2.2552462084982388,1.8731695903693373,0.8050262757509833,0.9021634585520396,0.5074879626947618,0.030455671784948457,0.82863717194202,-1.1775277161205113
93,2.473368091394284,1.935001916275122,0.8183163438808723,0.8852330542592479,0.5934435543065101,0.03329974123384103,0.9325220641656256,-0.8250929452206964
94,2.6418588849831792,2.0255990008569458,0.8224897567547584,1.010253145242368,0.5663211168787474,0.02678036435790941,0.8524569255532114,-0.5473292721082547
95,2.455410577915592,1.9414905340764315,0.8193716006320029,1.0240754778982462,0.5590821987160446,0.028224593623071757,0.8455874977142915,-0.7028410327070299
96,3.4110308115908428,2.359872596575265,0.8626942483219505,2.069084075728937,0.682696122544985,0.025356780641031758,0.5760827314832319,0.7253046444428584
97,3.2899813197120773,2.3882952948551237,0.8558749673042955,3.0703099341247264,0.7721961983485123,0.02874861111955372,0.6016781410490813,0.432305201048645
98,3.3784411303029467,2.27416676650762,0.851967342805431,1.471363497781188,0.6091204143158049,0.024864019210872352,0.6814799711918514,0.41649838732858463
99,3.2912837958301826,2.2967124610240415,0.8563969627943878,1.3536655725472237,0.7431644767263835,0.0251579978175978,0.6451904140042342,0.4489253997020034
100,2.4005382959509753,2.0109136759085144,0.8182102271885828,1.1355718435890116,0.5680229905066757,0.030451168200945112,0.8614864892557418,-0.9626596921410765
101,2.5441087772615525,2.0896849076626776,0.8227917791387396,0.962674961601626,0.7728757299774888,0.02704607378033917,0.7579545244533886,-0.6191492289509504
102,2.639121924960752,2.027825392543826,0.8254574787224489,0.7885587330645067,0.4849419548438917,0.028389113428922277,0.7228803830935108,-0.6864171855806201
103,2.511816769361214,1.9993312621501822,0.8224483151304562,0.8795751728778112,0.6459487796695127,0.031088452479466226,0.76545711490149,-0.7819774831484191
104,3.2840005306196582,2.2958581897006027,0.8522093174981662,1.5953452089042515,0.6312643023157101,0.033733578131056534,0.7285773211593667,0.41241399857005756
105,3.4978845795721574,2.274638751207302,0.856461400771855,2.296159785308653,0.891302439552376,0.03345308436392174,0.7402878469290683,0.5125808245395638
106,3.3672023554994737,2.4879961722435056,0.8572398933458031,3.0049510680649303,0.7204359053412384,0.03610943881000036,0.7948213645355524,0.5471688004655354
107,3.296425523070393,2.4580549905232205,0.8605505639818947,3.3120372774995346,0.83632951643884,0.03615445373395788,0.8238493967827837,0.6176242723031297
108,1.9715972400883628,1.6665643829003454,0.7915353355958978,0.597360866750961,0.40061442013723275,0.029097013297536813,0.9659401556310416,-1.8747458104122487
109,1.9473837984977953,1.6958890905581792,0.7888748952526325,0.5850604332431592,0.33561906366029515,0.02756479878125156,0.9325805701712199,-1.5574601371664147
110,2.0622588435240488,1.7412565650557974,0.7931836894103813,0.7411295842346187,0.5215103106407705,0.031732402809521935,0.9423169717263515,-1.59856456431694
111,1.8660855886777774,1.7075444091825671,0.7872410164992026,0.5656715715526308,0.4684723368942968,0.02876421473078483,0.8018372205461141,-1.6993946292622308
112,2.799386475340567,2.1682985805399357,0.8314595264455064,1.4081099678375328,0.6913070963551772,0.03540216126016539,0.9696483960190826,-0.3980356593502865
113,2.735996007492524,2.1187663266563734,0.8290493522585689,1.8446903281628493,0.7070530883712929,0.03600729344794221,0.9206308941781529,-0.38292594010274156
114,1.6812903975470332,1.562667960688284,0.7730966145958534,0.6041747826460818,0.6195399059327839,0.032793835620332605,1.0581897532737197,-2.360516245099108
115,1.7902955840814367,1.5459217888078058,0.7751978546945314,0.4583974657847885,0.4079618508717746,0.032033260175135254,1.033849981120412,-2.063982441673179
116,1.7559484911135148,1.5374177798197879,0.7691162348860481,0.42950334389098155,0.3533886622477623,0.026119208133104328,0.9000248469336599,-2.240602182718553
117,1.815271223444422,1.6143132925756127,0.7829636059324326,0.40339743683914997,0.31853801013084054,0.02712124230207053,0.879245524799463,-1.9409306197858784
118,2.3104000244606455,1.8766287014125926,0.8162326934712917,1.0569730351536426,0.6420630957006396,0.03954164297514383,0.9486885506301355,-0.8738824636689408
119,2.4581619361031413,2.0477063124298147,0.8249995885441096,1.3415174030560237,0.7081295626526243,0.03802144716811791,0.9306071931245743,-0.4708039070208278
120,3.40776869903209,2.354768216764192,0.8544560706886484,3.2408484128189117,0.8086894171776366,0.034652343617562746,0.7638002018776422,0.5556917975714808
121,3.1962405101481,2.347706639227672,0.849109130395358,2.1768094459352936,0.7434087813933618,0.03274627735655472,0.6998998894559905,0.29560768081996763
122,3.2537824914458784,2.3266651789590496,0.8527706858480336,2.6062903547802807,0.771858026402277,0.03484888227646202,0.7700271096087639,0.48915053515163054
123,3.4317364512682387,2.3241117717413746,0.8508351017787478,2.796859013810863,0.7992542513152053,0.035731569741896424,0.7923559676121544,0.3879146398789299
124,3.2327724012834826,2.3942584623006278,0.8552069895970993,2.155279195563623,0.7424216117971909,0.030930858289090694,0.6913968536338175,0.4972966659988518
125,3.4252016254371145,2.3950458255539924,0.8602012348911799,3.21557303312426,0.7572346443021107,0.032708625958817246,0.7203810146571675,0.5268141694289348
126,3.6436216938868964,2.386658853957985,0.8654299466091911,2.4849577757721426,0.6643705652086369,0.028673791189937955,0.6211228194214212,0.6898539014954369
127,3.7920197925959735,2.533933179215158,0.8641048373403662,2.9382320935011577,0.7505179564777289,0.03164476886526378,0.6508715473528534,0.7230758560722415
128,3.362748157515128,2.3877431614145213,0.8606198552067532,2.912629945579642,0.7244994398103847,0.03203073238290027,0.6817783671066265,0.5528961537684477
129,3.46903902351713,2.432134319733732,0.8596291171270802,2.5785500116140008,0.7147980912440772,0.03158576339201351,0.6453037182148125,0.6226377242235122
130,3.1128688820225743,2.255469342647338,0.8493190690861182,2.2791490138331705,0.7502751300901593,0.03114703248933415,0.7050383041985959,0.336012659293644
131,3.470392963990245,2.417107552827005,0.8611091139834954,2.386050100344653,0.7921440501402989,0.030587867202918364,0.6384817609382979,0.47075777689948656
132,3.2599763731176434,2.324732468239644,0.8557345301354122,1.8709809471679384,0.6705165059119728,0.030818213551712215,0.6551275540893783,0.4967305496363073
133,3.6200934528438973,2.3818730185323758,0.8610763325240706,1.9722972162226635,0.7195514707205456,0.030055765266526886,0.6299136911479247,0.5753140374251671
134,3.298054778730995,2.336408558378501,0.8579551019291186,2.1367184824017986,0.5845444829762821,0.02904348248712167,0.5489740799387098,0.524858871636046
135,3.3930674430968484,2.5483413745797776,0.8576487449049212,2.634781363282769,0.9349422449653755,0.031424399652025516,0.6634889528694728,0.5442972578063694
136,3.644579225791607,2.3955906332123806,0.8628352032930837,1.8748194524826356,0.7055517026973309,0.026486452069835045,0.5840717609340202,0.7252090518524494
137,3.631064113557435,2.4272421512425355,0.8598635329995459,1.962887160776363,0.6286225927273219,0.026172536922721534,0.6559109126478422,0.8535781229850387
138,3.843439288987747,2.523990070126629,0.8699735230883267,2.231741710946403,0.7168752762317455,0.02784924746014381,0.5448987587574355,0.8394498960078497
139,3.847331509954955,2.503245230224473,0.8683591290627777,2.692045528236084,0.713670152479473,0.02716066497004612,0.5970371054865831,0.9167493395137929
140,3.32168110985096,2.348679959907174,0.8577996200115704,1.6386458498665755,0.6091203096784324,0.02741456410272157,0.5926649971925374,0.5712680077335234
141,3.563767684169621,2.4618297592079066,0.8635336671665365,1.9197241376467205,0.5611279964063458,0.02757719318813993,0.6178223966246342,0.669523023023148
142,3.5983756066044115,2.485491667449001,0.865610175462864,2.2638571422232747,0.7258085792534607,0.026776916492233297,0.5541303295912112,0.7927273652606854
143,3.6907559550748488,2.349443478778738,0.8642916872377139,2.7685942078495627,0.8284485695546344,0.02802325123081673,0.6256165001341898,0.7105630727570473
144,2.9832163780924494,2.11269710405243,0.8471668560397535,2.769474882460458,0.7454607873056291,0.029352671479287506,0.6345142964731985,0.18232853224601456
145,3.114887941723372,2.3477479644764645,0.8507348024079697,1.4341190472917364,0.7723756802582376,0.027698438677985916,0.6484835398289792,0.33198830673446883
146,3.683535015652729,2.3224776674585774,0.8709367657483147,1.8760503935469999,0.6869906209830566,0.026904517451135968,0.5484155501829366,0.8001004555973676
147,3.9143275761375507,2.4376648310970688,0.8714853128784592,2.2490542162230867,0.6439817270888395,0.028299171949308793,0.6059873455445747,0.8571809387725319
148,3.4380436300127437,2.4790325248393077,0.8628530771680412,1.8580757292127066,0.8898281695204039,0.032309560690540765,0.6120919804585012,0.636911398641474
149,3.5678097729780216,2.479344649920936,0.8642738511469594,1.7023353028108803,0.8498371570481654,0.031602640066707675,0.5819962437804203,0.6328805207081827
150,3.3228011425907136,2.3436530430489375,0.8561336587322591,2.6795620990738107,0.6743433075821116,0.029178922985860084,0.6494871040126053,0.4276563360634208
151,3.279949838936833,2.3037402666580418,0.85508336519467,1.8892660939769155,0.7194899739585613,0.028968750862847413,0.6178894183310248,0.5133920518436448
152,3.5704502862385885,2.4202939834723396,0.8667243874314657,1.7796616178147198,0.6245333093253136,0.023811102600818184,0.5474538475102235,0.7392760703596246
153,3.765886595747813,2.477751679407678,0.8696713871890313,1.7428051247657637,0.6634498995700916,0.02291336523090568,0.5109355819086094,0.8667593523555863
154,3.9591032207719676,2.396668429735894,0.8667354273698912,2.2889901324098405,0.7474779074743073,0.0266472062184907,0.5795885218990494,0.7631528038159479
155,3.820610016595942,2.5530777901386292,0.8696716308964664,2.0063183613515774,0.7363001549933116,0.027740637824762892,0.6235796411148105,0.8361037134498323
156,3.1329618363982905,2.295286236466891,0.8533139124706268,2.6686527464440926,0.7061068773572051,0.03125142483494478,0.6501548656520537,0.33996983590008817
157,3.243575928788401,2.3413154593772596,0.8525661261931035,1.5233086586338938,0.7530852609960638,0.03090111086109843,0.6562275018058129,0.44900655419829855
158,3.707065026866127,2.5093174902543764,0.8660567742878987,2.3145748943586257,0.9333997187514799,0.032042206219128094,0.7160166855018345,0.8084680984324525
159,3.7192885494233394,2.573922913489052,0.8697485795948835,1.8239815588219304,0.731142037021866,0.029648558386834535,0.713773636592056,0.7976490824046051
160,3.4346686482752613,2.3310459745960803,0.8551860494618376,1.881560442424021,0.7739225746314926,0.029502110926444464,0.6145761412017272,0.5041016812271125
161,3.408238694173155,2.387181423424682,0.8572213766853963,1.670927063109888,0.7140844314826132,0.031015400186668027,0.6632906867463869,0.4425119204973336
162,2.389285515260199,1.8670871836202503,0.8236288634731885,1.1488159587996616,0.529835621702156,0.033535062765189035,0.7180811337667278,-0.6459349949326452
163,2.4093030601615935,1.8590440015183256,0.8188840484850894,1.0873752434870134,0.6174636758323078,0.03476320007676427,0.7544707889654029,-0.5832521232330192
164,2.127508672617345,1.7339990558988767,0.807993579828201,0.743085028871581,0.44403121150137437,0.030165977077019356,0.7593908436759452,-1.128287524431145
165,2.0396630675489873,1.6884138572594152,0.8024920279508385,0.647565014518886,0.43548809158462387,0.030211871495623276,0.8035956088010491,-1.4285509385512543
166,2.5149037327941426,2.0466232871813377,0.8245832276025046,0.8898164717076238,0.4561589586720165,0.02714221162180658,0.6878838809140565,-0.5562479809148105
167,2.828170209789736,2.2379507295135332,0.8400867050430234,1.2073554554015344,0.4762087440979325,0.029275924919026437,0.7424178742079158,-0.03458787824621374
168,2.101827253277959,1.821990944138187,0.804503345814846,0.883182737632771,0.4977250355327437,0.03203235353028652,0.847611155283407,-1.236130196375493
169,2.2584043285940223,1.8824592458516465,0.812534629992415,0.8838419445565652,0.5362630055145652,0.028835465793759563,0.7347960595745807,-0.8442944638792041
170,2.595652925225961,1.9716557184795962,0.8257699599120257,1.6358843470593623,0.6076230573474332,0.03494009506049369,0.8157349935099046,-0.5619506264546934
171,2.582120921748997,2.049719572762541,0.8281980053233737,1.0648178207456496,0.6717207333798377,0.032791376227827504,0.7752985428714319,-0.44616398137056373
172,2.519889081724926,1.9217523807377406,0.832233284815792,1.3328654486661338,0.5301112248030176,0.026480249916933176,0.6493640013013694,-0.47263889500751805
173,2.523277695112249,1.9780536250596643,0.8232789495983316,1.0967166760180824,0.5930162831217798,0.02744976052067781,0.7172168662480072,-0.40642704084999476
174,3.565894179258693,2.3469513094275096,0.8630427568040787,1.7255901241462837,0.6117136178925637,0.024685296887865287,0.6781746233776673,0.6778482964760163
175,3.217914920980751,2.228823748761402,0.8576912004600302,1.4014274414254875,0.5519824130902801,0.023598008027609595,0.6574051620315259,0.5142637058669951
176,2.2449144113727795,1.9020530162224414,0.8134859432224829,0.8995214000166188,0.4430950121611782,0.028273621663280846,0.7875417883581095,-0.8596479975362902
177,2.1762055283716157,1.816446118342812,0.8130960414043747,0.8559942836081996,0.4818993392043248,0.02876356827100586,0.716771294437584,-0.9162635343129485
178,2.8599007230954983,2.1489380687386985,0.8408502161476279,1.6837238994007226,0.8625623067281593,0.032293693761743014,0.7247624660636024,-0.0838397744292175
179,2.7825560815090458,2.190067498579896,0.843232727579261,1.9346183202993783,1.1576783418671777,0.03247048358724053,0.6952537592295915,0.10107103376057028
180,3.1826652950125025,2.373308166900882,0.8546558345799053,1.7908253042924425,0.6790159139679337,0.027664516270804317,0.7260673102122488,0.4163690470463338
181,3.1572496943902797,2.22087422394321,0.8533501801924618,1.4690940180764283,0.6555419428709169,0.026428808075508625,0.6451480665585585,0.24064518119978212
182,2.806628152179672,2.144453831857614,0.844478293178567,1.4460832979695286,0.7050868369167648,0.0323076721523283,0.6598476399638412,-0.018816710902059497
183,2.6895843553933476,2.118081812222418,0.8420688721415998,1.3365817670126177,0.7242826966808052,0.02962336551733814,0.6585645946164405,-0.16917319900247557
184,2.7975536129656944,2.179695055733809,0.8416974839758699,1.2561330534317625,0.6638340159161041,0.028827451731851812,0.684341412335855,0.019282219817340827
185,2.7374831123942855,2.128213823042688,0.8406019902056399,1.3045253957389824,0.5717478985122562,0.025738620889816727,0.6639568653340894,0.02960081060839566
186,3.049390542707871,2.3212187994071063,0.8474868058835769,1.4456162746143022,0.7041799102867262,0.028023488298607357,0.7443125598732885,0.23000849482962776
187,2.919589893779689,2.230273223906304,0.8420677773176575,1.5913546187123062,0.6367202523925491,0.030434051277317395,0.7145024788767099,-0.054794109494658856
188,3.3552616305136467,2.1932540445553603,0.8588034173163517,1.5988545042822182,0.5218265973000419,0.02660742789010942,0.6144868461413701,0.5658294528189562
189,3.4981945930912657,2.2123803543393543,0.8579902016702597,2.118046514194839,0.5176475086418514,0.027513195200735568,0.6469966194926488,0.3676541262530671
190,3.2139657522631473,2.177102965267074,0.8591205292379509,1.8319903929686132,0.6112571296150231,0.03763184036598371,0.85038773251173,0.3736929129062497
191,3.246063528419611,2.1387786322058795,0.8551799477540767,1.8077977062236397,0.5692723810873925,0.035145119833465945,0.7700424833590189,0.364632800576988
192,3.378985325869367,2.1518955542589255,0.8575601056784706,1.8810596335773517,0.5370322703743114,0.0321785798016315,0.7379547640308145,0.4252327591865902
193,3.4303736258502466,2.1355128915467185,0.8571523393100975,1.9690666357332671,0.5225969205614783,0.03329915120056549,0.7749568698527944,0.36423058800274954
194,2.9834747211042094,2.1881509023199337,0.8496391051858473,1.4851198098380958,0.5590591791992745,0.03690245881222157,0.8252360877737225,0.19105686507290034
195,3.1165047746154078,2.1401804642212694,0.8495118718654702,1.5315694187530349,0.56133457970297,0.03546489780694293,0.7537986155197618,0.3407724657922231
196,3.1775346803404956,2.147712177028031,0.8486894934339796,1.6109095112136391,0.6139546636235172,0.03447171655370338,0.7051010137862517,0.2572478270117611
197,3.0881811752880357,2.185103949073974,0.8510708818075766,1.9957988210892366,0.6227424353337715,0.03396400057345741,0.705999741489881,0.3082354177983343
198,3.3906778653119014,2.242927028375625,0.8559623082482649,1.9695723054113257,0.5743409538162274,0.029852556077634408,0.646499497443903,0.48114737080970693
199,3.5231003989753344,2.314155811124015,0.8605927621534423,2.1749714485848526,0.7084682938920963,0.029848298045004093,0.70650150937429,0.6952363300195725
200,3.48806143582146,2.2455701641409616,0.8626730240337431,2.931034776516286,0.6669009820631964,0.03314947166280942,0.7480542523309575,0.658320457973003
201,3.457374704497755,2.4375924068400256,0.8640222736310573,2.38292954361319,0.7360837139741914,0.03584895917667804,0.79307502452798,0.6994982821354204
202,3.611362965640746,2.2646796959113287,0.858080488844666,2.263178945987394,0.5881597649173417,0.03161311870726597,0.7621985387100294,0.5710026095584009
203,3.499847616216066,2.232297144541506,0.8585267194262884,2.0794577410967463,0.5936487530428971,0.031506851904438284,0.7512047645769258,0.5726588912013588
204,3.9817332365021194,2.380765128027063,0.8671668799629221,2.583659943100643,0.642128577205661,0.028946129180827132,0.6323367245101144,0.782102742767994
205,3.906313412861616,2.3695967592307468,0.8683255064222618,2.8103698764983083,0.7114011951266022,0.028393693198454906,0.6088555535970716,0.7830081131974151
206,3.679383575112856,2.337557239447558,0.860814047049742,2.491308883238385,0.5093858998187248,0.0302823919231566,0.6875169016273556,0.6998991485319463
207,3.6188928285378483,2.3172856331152216,0.8603933109354024,2.8637450356166863,0.5666646032096502,0.03084029313172894,0.7190912716169445,0.6259928876231738
208,3.087106378077818,2.244289153384215,0.8483857149126939,2.9159101361305724,0.6997513275008193,0.032457251995036566,0.6874387861629844,0.24398181312335723
209,3.4594380513563374,2.334697722818933,0.8578282341317864,2.1997231015315037,0.8217080378204651,0.031590398945629164,0.6451157922710634,0.48372703657732835
210,2.380478049664905,1.8946743587048813,0.8155111320148193,0.7068970182520506,0.46384587417499834,0.024789530325840137,0.7936347361285663,-0.8054525770839632
211,2.5813867959081045,1.9356016557170017,0.82328876917027,0.7907891309413667,0.3899405846102028,0.027024426962330608,0.7262276079055549,-0.6825068297518793
212,2.0789138881478784,1.6325530988458437,0.7965995959133971,0.5106191773451808,0.29475024683654727,0.02783681955245407,0.8514378225037416,-1.4527009094040197
213,2.0376197581575615,1.669815327351522,0.7982396855846023,0.48237560541780244,0.3038432468608727,0.02608577020933209,0.8514705643363689,-1.4864250403157522
214,2.7108247327414148,2.1191102196297176,0.8278787541930023,0.9397392986019844,0.46744106007613506,0.03037066536107709,0.8342647991589458,-0.4492824083421232
215,2.483013859149369,2.059186467084034,0.8228498426824177,0.9573316266310672,0.5392047802034576,0.028474172371296246,0.7161447802972739,-0.5940621666000067
216,2.0958534103177113,1.725946632866378,0.8067547969469772,0.5674030358104896,0.3566425527397907,0.02655141978694308,0.7323168582873513,-1.201141637390092
217,2.1707540366352562,1.8205919309128809,0.8049171081198235,0.6811398927454707,0.4422849095571858,0.02974680279083535,0.7213612430623838,-1.2023006833561574
218,2.9465530546641214,2.0637855844654034,0.8501990542578832,1.3248758535006535,0.7302165341888955,0.024454775521009917,0.799710742876627,0.14110560848157275
219,2.779134596984656,1.9041834796195114,0.8393669588539567,0.97202054856057,0.38410448642459927,0.02420707387816526,0.739268994830661,-0.08860213646940708
220,2.2325055203430053,1.8218468288537182,0.8149588169186414,0.5850550139372112,0.3810681461196477,0.026089331523828384,0.7333628461303148,-0.9523743087851217
221,2.233540976266108,1.7751604061950501,0.8141963617596313,0.6802724442586504,0.5267564442988752,0.025633605884325623,0.7946989211151054,-1.081086241134586
222,2.2608603834852232,1.799146699575038,0.8118570750512819,0.6371461129142713,0.4299567516659505,0.02383067479076188,0.743962166728726,-0.9596981565152607
223,2.5263284264418355,1.9008915795857475,0.8301319151406101,0.8082188148226433,0.4474160095891637,0.02397043143188092,0.754865261044805,-0.4254326269224479
224,2.5682334414280246,1.8489319273327778,0.8321257727107783,0.7607030998957549,0.43236235401971845,0.02729921767778278,0.8210848752326785,-0.29338107908829675
225,2.4181060688196516,1.7822341533335302,0.82240525433601,0.7331478065882148,0.39265863462014083,0.028548888114040626,0.8306305495427093,-0.6509134631935286
226,3.041065009037946,2.078500230228765,0.8551871924816831,1.262057698137571,0.5850132924231521,0.02560504652472589,0.7664015550558494,0.3817619889560797
227,3.131425077361106,2.0498237727054853,0.8563977694325234,1.3916555357776477,0.9053971548544225,0.026011687016188684,0.735292906885885,0.35907949910435794
228,2.6646132562604325,1.9873175675076673,0.835166786979696,1.1032627733641196,0.6442200650035044,0.03207476973914282,0.8983590559620039,-0.1723246896622665
229,2.7849857471074446,1.987143135715427,0.834851245616204,1.2758114685664101,0.5978594947389668,0.030053515888913356,0.8401848170306843,-0.13079855410189456
230,2.1797584572147595,1.7288045303845878,0.8189049821766547,0.8837433366338923,0.5525778408407016,0.033020822139199046,0.8110260849101782,-0.7094610495796411
231,2.278195297945699,1.7596491536839034,0.8230507016843259,1.198717020019171,0.5759808145688913,0.03383808997283509,0.8020130196497728,-0.7919132594671623
232,1.6755827110508392,1.4609703707920945,0.7703936102211113,0.33939971959166304,0.20536391222193348,0.02257336227745716,0.8345283989264932,-2.2318636902612288
233,1.9405455208128615,1.615450667036459,0.7900684940589802,0.5318184683388291,0.3622991741494493,0.03107443899562231,0.847042134677475,-1.4808660463210985
234,1.8867267117844906,1.568191174392128,0.7850908409808256,0.718467831414754,0.41302168749996915,0.030568464937546114,0.7695357366896586,-1.6682324008805574
235,1.8728758924710405,1.5852864541253449,0.7843472456598165,0.6365622223887774,0.42574906020758374,0.029302612905578854,0.747707852878681,-1.678791996740579
236,2.819366036785949,2.033063412615984,0.8390440176778872,1.141493107710509,0.6053982614381203,0.026978626509438153,0.7312838906668814,0.02487271442843132
237,2.978176715487298,2.108793557869546,0.8441088927785155,1.5454373473766476,0.7691687041996877,0.0323250485617699,0.7955734986201274,0.04321760932645063
238,2.129039557246818,1.6483591240172135,0.8098176892795415,2.1057470076088936,0.4841975119476562,0.03561538590889453,0.8431330428168999,-0.8541310239922963
239,2.1484013692436386,1.7721270420184292,0.8117167026808377,1.0517966970546322,0.553447461551187,0.03234493995526491,0.7387943429256449,-0.908393642794968
240,2.2380103612932656,1.8661844708943418,0.811574149878995,0.8313985497922939,0.488053488024247,0.03182658667658291,0.7787532627446777,-0.9253419229642514
241,2.3661922150904116,1.8830005606056135,0.819973437229522,0.8086487754717394,0.49838692691011255,0.031212266546652937,0.782389437265139,-0.8099069169083638
242,2.4079528158562677,1.9352821376061407,0.82661531268862,0.9503908810271805,0.5776588831539428,0.029109913900902413,0.6589208595960889,-0.4745174944117659
243,2.203821479618466,1.8756938206066487,0.8172557015846659,1.629795278733499,0.6119094295090272,0.03126315967254339,0.8410791444178239,-0.7311090858751894
244,2.139105202375,1.6271580258870304,0.8068590167963973,1.0752849037172736,0.4420485998737275,0.031202381270102372,0.7396277763286042,-1.1609902633076803
245,2.3819496774772815,1.730921432793274,0.821253359182759,1.1797829354332494,0.5517966487011474,0.035045930483753485,0.7934873788916021,-0.5903351273893795
